,Title,Match
0,Eskiv,YES
8,Dream Bedroom Makeover,YES
15,Apple Break,YES
18,Tangram,YES
23,Car Parking,YES
26,Crazy Loop,YES
27,Short Bus Rampage,YES
29,Gold Miner,YES
30,Tanks 2,YES
32,Flash Arcade Lanes,YES
34,Penalty Kick,YES
37,Starship Seven,YES
43,Storm the House,YES
44,Heli Attack,YES
45,Kitten Cannon,YES
47,Battleships,YES
49,Bowman,YES
52,Ant City,YES
53,Super Free Kicks,YES
55,Bunker,YES
56,Pacman,YES
59,Raiden X,YES
62,Squares,YES
64,Flash Chess,YES
68,Shuriken Challenge,YES
69,HomeRun,YES
71,Gravity Ball,YES
74,Bubbles 2,YES
76,Knife Throw,YES
79,Road Blocks,YES
80,Alien Hominid,YES
84,Run,YES
86,Catch 33,YES
87,Cubedelic,YES
88,Gun Run,YES
90,Disc Golf,YES
92,Hockey,YES
96,Blackjack 21,YES
97,Fish Tales,YES
102,Tanks,YES
103,Skeleton Park,YES
104,Bubble Shooter,YES
105,Poker,YES
108,F/A-18 Hornet,YES
109,Final Defense,YES
114,Defend Your Castle,YES
116,Snake Game,YES
120,Egg Fighter,YES
122,3D Worm,YES
123,Battle Pong,YES
127,Canyon Glider,YES
128,Carmageddon,YES
131,Kaboom,YES
132,Lifebuoys,YES
133,Munchy Man,YES
137,Beer Pong,YES
141,Bubblewrap,YES
142,Penguin Push,YES
143,Milk Panic,YES
145,Jigsaw,YES
147,Elastic Soccer,YES
148,Koala Checkers,YES
150,Kick Off,YES
152,FlashGol,YES
157,Really Bend It Like Beckham,YES
158,Against the Wall,YES
163,VR World Cup Soccer Tournament,YES
165,Reel Gold,YES
166,Ball,YES
170,Mashi Maro,YES
176,Roadtrip: Hit the Road,YES
178,Turbo Spirit,YES
183,Bloody Rage,YES
184,Spider Solitaire,YES
185,Solitaire,YES
186,Shanghai Dynasty,YES
190,Reach the Sky,YES
191,Perfect Pizza,YES
192,Sudoku Original,YES
193,Mini Pool,YES
194,Mini Pool 2,YES
196,Master Checkers,YES
197,Pipe Mania,YES
198,Air Hockey,YES
199,Wild Wild West,YES
202,2D Memory Trial,YES
204,BlackJack,YES
205,Roulette,YES
207,Easy Chess,YES
209,Jamaican Dominoes,YES
212,Mahjong,YES
213,Othello,YES
214,Hexagon,YES
215,Ratsuk,YES
218,Chess,YES
220,Present Panic,YES
228,Minesweeper,YES
229,Chinese Checkers,YES
230,Ping Pong,YES
237,Trampoline,YES
238,Super Splash,YES
246,Unicycle Challenge,YES
256,Javelin Throw,YES
260,Sumo,YES
268,Galaxians,YES
270,Inspector Wombat,YES
271,Just Another Escape,YES
273,The Doors,YES
276,Zoo Keeper,YES
282,Brainiac,YES
284,3D Shooter,YES
285,Darts,YES
287,Acne Be Gone,YES
289,Air Dodge,YES
290,Air Heads,YES
292,Alien,YES
293,Alien Attack,YES
295,Alien Invasion 2,YES
296,Alien Invasion,YES
297,Alpha Bravo Charlie,YES
298,Alpine Escape,YES
300,Old Angry Wizard,YES
302,Apples,YES
309,Basketball Rally,YES
312,Beach Assault,YES
314,Blast the Enemy,YES
315,Blix,YES
318,Blob Wars,YES
319,Blobs,YES
320,Blobz,YES
321,Blocks 2,YES
322,Blow Up,YES
325,Bomber Bob,YES
328,Ghosts,YES
329,Bowling Master,YES
331,Blocks,YES
332,Breakdown,YES
334,Bubble Fun,YES
335,Bubbles,YES
338,Bugs,YES
339,Bump Copter,YES
341,Cannon Ball,YES
345,Centrifuge,YES
347,Clown Killer,YES
348,Coast Guard,YES
351,Comboling,YES
354,Cubefield,YES
357,Trouble,YES
358,Deal or No Deal,YES
360,Color Puzzle,YES
361,Don't Let Go,YES
363,Puzzle,YES
369,Falldown,YES
374,Flycatcher,YES
380,Fuel Transport,YES
384,Golden Gate Drop,YES
385,Great Tournament,YES
386,Gridlock,YES
390,Hellbound,YES
393,Hostile Skies,YES
394,Cubshoot,YES
397,Insane Orb,YES
399,Invasion,YES
402,Jewel Hunter,YES
404,King of Buttons,YES
405,King of the Hill,YES
407,Lander,YES
410,Ledix,YES
415,Magic Balls,YES
418,Medivoid,YES
440,Tarzan and Jane,YES
446,Tom and Jerry,YES
448,Los Simpsons,YES
455,3D Net Blazer,YES
456,Trapshoot,YES
466,Ragdoll Master,YES
468,Monkey Cliff Diving,YES
469,Super Monkey Poop Fight,YES
471,Birds Feeding,YES
479,The Simpsomaker,YES
480,Bushido Fighters,YES
483,Didi,YES
522,Football,YES
523,Ice Racer,YES
530,Tetris,YES
531,Mini Tetris,YES
533,3D Pool,YES
535,Blast Billiards,YES
538,Real Pool,YES
543,Lion King,YES
545,Garfield Coop Catch,YES
548,Matrix,YES
554,Duck Hunt,YES
555,Frogger,YES
556,Moon Patrol,YES
557,Space Invaders,YES
560,Pluck My Tash,YES
562,Parking Perfection 2,YES
566,Chip Grabber,YES
572,Design a Cake,YES
585,Dancing Bush,YES
587,King of Defenders,YES
588,Wheelers,YES
594,Transporter,YES
597,Camera Killer,YES
604,Coloring Book,YES
615,Super Fishing,YES
620,Red,YES
625,Super Handball,YES
637,Police Bike,YES
645,Bullet Time,YES
646,Homer's Beer Run,YES
647,Cinderella,YES
656,Halloween,YES
658,Hate That Frog,YES
660,World of Sports,YES
688,Veggie Playground,YES
690,Music Match,YES
701,Mr. Hairy Face,YES
704,Tree,YES
708,Rodeo,YES
710,Soccer Shootout,YES
713,Shoot,YES
726,Soccer,YES
729,Snake,YES
737,Car,YES
738,Color Vision Test,YES
745,Sub Commander,YES
754,Tiny Combat,YES
760,Free Kick Expert,YES
761,Love,YES
774,Bride,YES
776,Sky Fire,YES
782,Park,YES
791,Room,YES
794,Blue,YES
795,Star Racer,YES
801,Runner,YES
802,Forest,YES
803,Snow White,YES
817,The Waitress,YES
822,Avoision,YES
823,Jenga,YES
828,Breakfast,YES
838,Diesel and Death,YES
839,Save Them Goldfish,YES
845,Intruder,YES
864,Guardian Angel,YES
878,Dress up,YES
884,Fish Money,YES
885,Playing with Fire,YES
890,Sheriff Tripeaks,YES
896,Happy Heks,YES
910,Ninja Rinseout,YES
911,3 Foot Ninja,YES
918,Castlevania,YES
921,Kirby,YES
924,Simon,YES
932,Cable Capers 2,YES
937,Doctor Compactor,YES
939,Juice Squeezer,YES
946,Midnight Strike,YES
950,Paranormality,YES
966,Crazy Relax,YES
968,Backgammon,YES
972,Police Sniper,YES
982,Clowning Around,YES
988,Gunslinger,YES
989,Prison Break,YES
992,Street Basketball,YES
993,BMX Tricks,YES
996,Falafel King,YES
1028,Rainbow,YES
1029,Ladylike,YES
1046,School Girl,YES
1056,Hopper,YES
1057,Baby Room,YES
1059,My Room,YES
1061,The Classroom,YES
1063,Teletubbies,YES
1066,Drift,YES
1072,Crescent Solitaire,YES
1075,Year of the Snake,YES
1081,Soldier,YES
1088,Tree House,YES
1089,Draw Play,YES
1091,UFO Recording,YES
1092,Juggler,YES
1099,Maze,YES
1100,Sprinter,YES
1102,DNA,YES
1117,Battlefield,YES
1119,Double Wires,YES
1127,Beat the Meter,YES
1145,Witch House,YES
1147,Speed,YES
1148,Creepy Castle,YES
1156,Gandy's Quest,YES
1166,Haunted House,YES
1167,Matrix Rampage,YES
1172,Shadow Factory,YES
1177,Dangerous Forest,YES
1186,Cars,YES
1190,Firework Frenzy,YES
1193,Santa's Rooftop-Hop,YES
1195,Ice Slide,YES
1197,Kitchen,YES
1199,Bug on a Wire,YES
1203,Security,YES
1219,Maximus,YES
1221,Coffee Shop,YES
1222,Fast Cooking,YES
1225,Mini Soccer,YES
1230,KGB Hunter,YES
1231,Bathroom,YES
1234,Ice Slide,YES
1239,Weirdville,YES
1240,Cheeseburger,YES
1245,Island Escape,YES
1246,Little Soldiers,YES
1247,Pogo,YES
1248,Desert Storm,YES
1250,Pinch Hitter,YES
1253,Cigarette Killer,YES
1254,Dragon Warrior,YES
1257,Pizza,YES
1264,Prison Escape,YES
1265,Bombay Taxi,YES
1274,Hopper 2,YES
1276,Library Escape,YES
1284,Maple Story,YES
1287,Attack of the Sprouts,YES
1288,Xevoz Showdown,YES
1291,Jumping Bananas,YES
1293,Nesquik Quest,YES
1294,Peugeot Time Trial,YES
1295,Race Game,YES
1297,The Lost Vikings,YES
1299,Reverse,YES
1303,Mirror,YES
1310,Combat Heaven,YES
1311,Land Rider,YES
1324,Burger Builder,YES
1325,Peg Solitaire,YES
1326,Championship,YES
1336,Roadies,YES
1340,Paintball,YES
1346,Monster Truck Trials,YES
1350,IQ Test,YES
1352,Deluxe Pool,YES
1353,Busy Burger,YES
1356,Final Fight,YES
1363,Billiards,YES
1367,Bloons,YES
1368,Bloons 2,YES
1383,Barbarian,YES
1389,City Soccer Shootout,YES
1391,Mr. Meaty Holiday Havoc,YES
1398,Bendy Spidey,YES
1400,Dune Buggy,YES
1401,ChalkZone: Double Trouble,YES
1404,Tunnel Rush,YES
1406,Monster Truck Curfew,YES
1412,Tron,YES
1414,Tower Rescue,YES
1418,Date Dash,YES
1431,Elevation,YES
1436,The Lost Inca,YES
1446,Scooby Snapshot,YES
1454,Home,YES
1459,Domino,YES
1464,Doodle,YES
1466,Fairy,YES
1478,Waffle Boy's Jungle Adventure,YES
1480,Hats,YES
1481,Crazy Doors of Rainbow Colors,YES
1482,Alex Trax,YES
1503,Carbon Auto Theft,YES
1524,Monkey Island,YES
1555,London Cabbie,YES
1560,3D Rally Racing,YES
1569,The King of the Sky,YES
1570,Boulder Basher,YES
1571,Shopping Girl,YES
1573,Flash Element TD,YES
1578,Sunburn,YES
1586,Summer Fashion,YES
1589,Motorcycle Racer,YES
1618,Phit,YES
1619,Orbitrax,YES
1622,Turtle Odyssey,YES
1623,Pigeon's Revenge,YES
1631,Bound Bear,YES
1638,Wayside Arrow Escape,YES
1645,Speed,YES
1646,Tattoo Artist,YES
1654,Avatar Treetop Trouble,YES
1660,Pinboliada,YES
1668,Dangerous Voyage,YES
1670,Card Toss,YES
1676,Spitwad,YES
1696,Bungee Rescue,YES
1700,Escape the room,YES
1713,Heist,YES
1714,Pizza Shack,YES
1716,My Sweet 16,YES
1720,Bookworm,YES
1726,One Ton Bang Bang,YES
1737,Net Pet,YES
1742,High Dive Hero,YES
1761,Burger Bar,YES
1763,Escape from Octlien,YES
1765,Penalty Fever,YES
1777,Sushi Go Round,YES
1778,Bank Robbery,YES
1780,Super Soccer,YES
1785,Fan,YES
1795,Hotcorn,YES
1810,Stunt Dirt Bike,YES
1814,Top That Deux,YES
1826,Rufus Recall,YES
1830,Knugg Rally,YES
1833,Emu's Mess-terpiece,YES
1845,7 Seas Estates,YES
1851,Pigeon's Revenge 2,YES
1856,Overkill Apache,YES
1859,Rooftop Skater,YES
1862,Muselock,YES
1864,Mass Attack,YES
1870,Merry Christmas,YES
1874,Snowman,YES
1875,Western,YES
1876,Shootout,YES
1884,Earth Rock Hunter,YES
1885,The Mind Bender,YES
1887,3D Ball Drop,YES
1888,Quarterback KO,YES
1891,Room Escape 3,YES
1893,Day of the Bobteds,YES
1897,BMX Extreme,YES
1899,Mermaid,YES
1900,Alien Paroxysm,YES
1903,Gold Panic,YES
1906,Global Rescue,YES
1908,Blockout,YES
1914,Block,YES
1920,Gold Digger,YES
1923,Funny Food Face,YES
1924,Excit,YES
1926,Presents Panic,YES
1938,Drift Battle,YES
1943,Hot Dog Bush,YES
1950,Twins,YES
1952,The Scarlet Room,YES
1954,Scribble,YES
1960,Snowboard Betty,YES
1963,Fruits,YES
1964,Penguin Pass,YES
1967,Cyborg,YES
1968,Walk,YES
1973,Abducted,YES
1975,Monster Shop,YES
1979,Death Worm,YES
1983,Caravan Toss,YES
1990,School Wars,YES
1992,Rufus Snow Ride,YES
1996,Hive Hero,YES
2003,Showdown at Santa's,YES
2006,Snow Ball,YES
2010,Santa's Gift Jump,YES
2012,Christmas Race,YES
2023,Santa Ball,YES
2024,Night of the Snowmen,YES
2027,Christmas Escape,YES
2028,Santa Ski Jump,YES
2029,Christmas Party,YES
2030,Christmas Girl,YES
2031,Xmas Corner,YES
2032,Snow Throw,YES
2035,Christmas Cat,YES
2039,Santa's Cannon,YES
2046,Pank Football,YES
2048,Funny Girl,YES
2051,Presidential Paintball,YES
2052,Ice Skating,YES
2057,Mulan Maze,YES
2061,Goal Wall Shooting,YES
2063,Candy Catch,YES
2069,Snow Big Deal,YES
2072,School Supply Snap,YES
2073,Raft Wars,YES
2075,Escape Pear Room,YES
2083,Virtua Pikey,YES
2085,Virus Attack,YES
2099,Treasure of Cutlass Reef,YES
2106,Bubble Popper,YES
2110,Spore Cubes,YES
2122,Achilles,YES
2124,Escape from Kitchen,YES
2129,Docking Perfection 2,YES
2136,Shortcut,YES
2141,Pool,YES
2145,Super Boomer Max,YES
2154,Sketch,YES
2157,Piano,YES
2162,Colonel Kernel,YES
2166,Sushi Sudoku,YES
2170,Dream Escape,YES
2175,Penguin Diner,YES
2178,Seed,YES
2186,The Unfair Platformer,YES
2191,Sweet Valentine,YES
2207,Escape Ecru Room,YES
2213,Perfect Plate,YES
2216,Sofa Bash,YES
2217,Goalkeeper Challenge,YES
2221,Shooting Range,YES
2223,Atomz,YES
2226,Breakout,YES
2248,Mouze Maze,YES
2253,Mafia Driver,YES
2256,Insurgo,YES
2262,Bunnies and Eggs,YES
2264,Spider Monkey,YES
2267,Open Doors,YES
2268,Undercover Ops,YES
2279,Bunnerific,YES
2282,Ms Pacman,YES
2283,Disc Battle,YES
2297,Web Trading Cars Chase,YES
2300,Mom Mania,YES
2312,The Haunted House,YES
2321,Advanced Ninja,YES
2323,Supernatural,YES
2325,Waterpolo,YES
2328,Crash Down,YES
2332,Horse Run,YES
2336,Movie Munchies,YES
2337,Trick Hoops Challenge,YES
2342,Extreme Florist,YES
2343,Knight,YES
2349,Bomb a Bomb,YES
2350,Jet Boat Racing,YES
2356,Rolling Block Mazes,YES
2363,Maya Ball,YES
2367,Good Morning,YES
2376,Shampoo,YES
2378,Stretchy Man,YES
2408,Dragon Ball Z,YES
2410,Arithmeticz,YES
2414,Iron Man Flight Test,YES
2419,Flatbread Express,YES
2423,Sleep Time,YES
2424,Sling Jumper,YES
2432,Boat Rush,YES
2439,Chronotron,YES
2440,Pirates vs Ninjas,YES
2443,Purple Pill,YES
2447,Labyrinth,YES
2460,Dungeon Hunt,YES
2463,Flower Power,YES
2478,Blobular,YES
2486,Dropple,YES
2487,Bowling,YES
2493,Wooglings,YES
2494,Drive,YES
2497,Blobber,YES
2509,Tricky Duck Volleyball,YES
2512,Archie,YES
2518,The Incredible Hulk,YES
2520,Star Stylin,YES
2525,Professor Fizzwizzle,YES
2529,Cave Escaper,YES
2537,Jane's Hotel,YES
2539,Dragon Ball Kart,YES
2547,BMX Backflips,YES
2549,Star Stylin 2,YES
2550,Sonic Maze Craze,YES
2551,Forest Warrior,YES
2558,Flux,YES
2566,Diner Dash,YES
2568,Crazy Jeep,YES
2570,Star Stylin 3,YES
2572,Android,YES
2576,Gas,YES
2585,Collapse,YES
2592,Cafe Waitress,YES
2593,Replica,YES
2596,Star Stylin 4,YES
2601,Goosy Pool,YES
2602,Metal Slug Brutal,YES
2615,Star Stylin 5,YES
2617,Sentry Fortress,YES
2619,Salad Day,YES
2622,Club Girl,YES
2625,Bully Basher,YES
2627,Spyke,YES
2631,Dress Up Fairy,YES
2633,Ownage Burst,YES
2636,Ringmania,YES
2644,Zombie Hole,YES
2656,Dirty Dishes,YES
2658,Ringmania 2,YES
2673,Cold Room Escape,YES
2680,Fruit Salad Day,YES
2684,Street Skater,YES
2692,Star Wings,YES
2694,Cascade,YES
2710,Mad Mech Robowars,YES
2714,Deadly Drive,YES
2725,Ragdoll Cannon 2,YES
2726,Icy Slicy,YES
2730,Ultimate Formula Racing,YES
2736,Pizza King,YES
2738,Crazy Penguin Catapult,YES
2741,Parking Lot,YES
2748,Sketch Rider,YES
2752,Crazy Truck,YES
2760,Shadez,YES
2763,Boombot,YES
2769,Papa's Pizzeria,YES
2771,The Egg,YES
2773,Chocolate Cake,YES
2774,Baseball,YES
2778,Fruit Fall,YES
2787,Crazy Ambulance,YES
2789,Big Bob's Burger Joint,YES
2791,Biker Betty,YES
2796,Magic Mansion,YES
2798,Czarina,YES
2801,Gemstone Hunter,YES
2812,Bucketball,YES
2814,Gems Swap,YES
2819,Maverick,YES
2821,Merna,YES
2824,Kum Kang,YES
2827,Ice Castle Blaster,YES
2831,Zenon Mega Blast,YES
2842,Offroad Madness,YES
2847,Stunt Bike Deluxe,YES
2850,Garden Inventor,YES
2854,The Chase,YES
2856,Strawberry Cake,YES
2857,Harry the Hamster,YES
2867,Fish Fry,YES
2868,Frizzle Fraz,YES
2872,Super Race,YES
2875,Anna Glace,YES
2876,Rolling Turtle,YES
2884,Straw Hat Samurai,YES
2895,The Heist,YES
2897,Deep Fried Bread,YES
2898,Shrink,YES
2905,Chef Girl,YES
2906,Lord of War,YES
2909,Soup Shop,YES
2910,Air Battle,YES
2916,Aftermath,YES
2925,Smiley Puzzle,YES
2926,Rollercoaster Rush,YES
2936,Wooden Path,YES
2937,Zombie Survival Outbreak,YES
2941,Puke the Pirate,YES
2944,Deep Lift,YES
2948,Deep Lift 2,YES
2949,Desert Fire,YES
2952,Fairy Town,YES
2953,Downhill Snowboard,YES
2955,Minnie's Dinner Party,YES
2958,Cake Machine,YES
2960,A Crow in Hell,YES
2961,FMX Team,YES
2964,Majinca,YES
2968,Hunted Forever,YES
2972,Ghost Train Ride,YES
2979,Trick for Treats,YES
2981,School Girl,YES
2983,Boombot 2,YES
2987,Dainty Doughnuts,YES
2988,Red Driver,YES
2991,Buccaneer Battle,YES
2997,Crazy Go Nuts,YES
3000,Blockular,YES
3003,Bowman 2,YES
3006,3D Racing Craze,YES
3021,The Green,YES
3023,Bubble Spinner,YES
3025,Ice Road Truckers,YES
3027,Pizza Pronto,YES
3028,Anika's Odyssey,YES
3032,Cake Master,YES
3038,Fashion Designer,YES
3040,Contrast Cannon,YES
3047,Dreams,YES
3048,Fairy Treasure,YES
3065,Super Soccer Star,YES
3067,Bouncy Draw,YES
3070,Snack Attack,YES
3071,Powerpool,YES
3079,Gravity Master,YES
3080,Vroom,YES
3081,Kairi's Ice Cream Shoppe,YES
3088,Extreme Safari,YES
3089,Bacon Lettuce Tomato,YES
3090,Downhill Snowboard 2,YES
3091,Graf Zeppelin,YES
3094,Lucky Coins,YES
3099,Guide Lines,YES
3107,Entangled,YES
3108,One Ton Reloaded,YES
3110,Charger Escape,YES
3119,Parking Lot 2,YES
3123,Rome Puzzle,YES
3125,Warped Tour Massacre,YES
3127,Baby Baby,YES
3131,Cooking Academy,YES
3132,Ashtons Family Resort,YES
3134,Christmas Lights,YES
3136,Monster Truck Maniac,YES
3143,Sint Nicolaas,YES
3144,Crazy Mustang,YES
3148,Animal Wars,YES
3150,Finding Santa,YES
3151,Christmas Cake,YES
3155,Meeblings,YES
3156,Metal Slug Brutal 2,YES
3158,Aqua Bubble,YES
3160,Pyro,YES
3164,Mechanical Commando,YES
3176,Snow Drift Racing,YES
3180,Penalty Kick,YES
3183,Monkey Go Happy,YES
3186,Neon Disks,YES
3188,Laundry Rush,YES
3192,Castle Clout,YES
3197,Crossblock,YES
3198,Movie Star,YES
3201,Ragdoll Cannon Remake,YES
3213,Flower Gardening,YES
3223,Super D,YES
3224,Desert Rifle,YES
3228,Sprint Race 3D,YES
3234,Grid,YES
3236,Pinky's Pancakes,YES
3244,Granny's BBQ,YES
3246,Gazzoline,YES
3257,Magi Wars,YES
3258,Inca Blocks,YES
3266,Mushroom Revolution,YES
3267,Runner,YES
3269,Transporter,YES
3275,Double Blaster,YES
3282,Maze Mania,YES
3288,FWG Valentines,YES
3292,Farm Frenzy 2,YES
3293,Powerpool 2,YES
3295,Frog Jump,YES
3307,Race Choppers,YES
3309,Block Drop,YES
3312,Beyonce,YES
3319,Armored Fighter,YES
3322,Monster Truck Maniac 2,YES
3325,Panda Star,YES
3331,Chocolate Shop Frenzy,YES
3336,Snake Runner,YES
3337,Meal Masters,YES
3346,Clinic Escape,YES
3349,Farm Mania,YES
3357,Dino Rush,YES
3359,Cursor Chaos,YES
3361,Stunt Rider,YES
3364,Tilt,YES
3366,Drift Runners,YES
3374,Hold The Line,YES
3393,Pwong,YES
3395,Bloody Rage 2,YES
3403,Kamikaze Race,YES
3407,Concussion,YES
3411,Open Doors 2,YES
3413,Parking Perfection 4,YES
3416,Colourshift,YES
3420,Meal Masters 2,YES
3421,BMX Master,YES
3423,Redstar Fall,YES
3427,Flower Shop,YES
3428,Extreme Trucks 2,YES
3430,Cuti's Diner,YES
3432,Burger Mania,YES
3435,Quest in the Dark,YES
3439,Chute Academy,YES
3445,Zombieman,YES
3447,Easter Eggs Tycoon,YES
3459,Meal Masters 3,YES
3462,Kokimi,YES
3466,Collider,YES
3472,Frontline Defense,YES
3479,Mars Buggy,YES
3486,Tetri Tower,YES
3488,One Shoulder Dresses,YES
3490,Palisade Guardian,YES
3494,Parking Frenzy,YES
3495,Slurm,YES
3500,Meal Masters 4,YES
3501,Stick Bang,YES
3502,High Tide,YES
3511,Neon Maze,YES
3514,Chicken Salad,YES
3517,Magnetic Defense,YES
3519,Bloony Wheel,YES
3521,Crush the Castle,YES
3523,RotatSpin,YES
3525,Enlarge your slip,YES
3529,Cargo Bridge,YES
3533,Gold Miner Special Edition,YES
3539,Meal Masters 5,YES
3544,A Small Favor,YES
3546,Chuckaboom,YES
3552,Powerpool Frenzy,YES
3553,Phoenix,YES
3556,Color Archers,YES
3563,Hell Cops,YES
3566,Captain Zorro Last Hope,YES
3568,Meeblings 2,YES
3569,Makeup Mania,YES
3571,Study Room,YES
3573,Romeo,YES
3576,Redstar Fall Pro,YES
3577,Speedy Prep Kitchen,YES
3578,Parking Lot 3,YES
3582,Core Defense,YES
3583,Breakfast Bar,YES
3594,Sonic On Clouds,YES
3596,Panic,YES
3598,Bug War,YES
3601,Highway Madness,YES
3604,Shopping Street,YES
3606,Lemon Coconut Cake,YES
3613,Rombo,YES
3616,World Class Chef: Italy,YES
3618,Liquid Measure,YES
3620,Car Pool,YES
3626,Fat Slice,YES
3634,Stackle,YES
3639,Enduro,YES
3641,Use Boxmen,YES
3645,Sky Guardian,YES
3647,Rombenk,YES
3650,World Class Chef: Portugal,YES
3655,Pirate Launch,YES
3660,Kidnapped by Aliens,YES
3662,Mini Train,YES
3663,Ballz,YES
3666,Wackio,YES
3667,Butter Chicken,YES
3668,Life Ark 2,YES
3674,Fragger,YES
3676,Tennis Champions,YES
3680,Zoe's Sub Adventure,YES
3684,World Class Chef: Greece,YES
3685,Trial Bike Pro,YES
3689,Water Werks,YES
3690,Chinese Food Cooking,YES
3694,The Joker's Escape,YES
3701,Demolition City,YES
3705,Heli Assault,YES
3710,William and Sly,YES
3715,Shopping City,YES
3717,Rollball,YES
3718,World Class Chef: Holland,YES
3720,Shopping Spree,YES
3725,Red Remover,YES
3730,Drakken's Lair,YES
3732,Timescape,YES
3734,Ambulance Rush,YES
3737,Ninja,YES
3740,Gliding Thunder,YES
3742,Evolver,YES
3748,Twilight Puzzle,YES
3749,World Class Chef: USA,YES
3750,Cat vs Dog Fighter,YES
3756,Kidnapped by Pirates,YES
3758,Gobtron,YES
3765,Bermuda Escape,YES
3771,Kidnapped by Aliens 2,YES
3775,Multitask,YES
3777,Cyclomaniacs,YES
3779,Garden TD,YES
3782,Sleepy,YES
3783,World Class Chef: Turkey,YES
3784,Building Blaster,YES
3786,Locked Cabin,YES
3788,Max Damage,YES
3790,Enigmata,YES
3795,Beach Soccer,YES
3807,Stick War,YES
3809,The Infection,YES
3813,Guardian Rock,YES
3815,Antbuster,YES
3817,Quiet Cooking,YES
3818,Heat Rush,YES
3822,Canabalt,YES
3828,Save the Fallen,YES
3831,World Class Chef: Belgium,YES
3836,Ragdoll Cannon Level Pack,YES
3842,Life Ark 3,YES
3846,Artillery Tower,YES
3850,Troy,YES
3853,Primary Assault,YES
3857,Shopping Cart Hero,YES
3868,Max Connect,YES
3869,Family Fun,YES
3870,EB2,YES
3872,Mushroom Madness,YES
3873,World Class Chef: China,YES
3884,Canufit,YES
3886,Bubble Quest,YES
3892,Huje Tower,YES
3901,Captain Crash,YES
3904,Soldier,YES
3906,Kidnapped by the Pharaoh,YES
3909,Help in a Box,YES
3914,World Class Chef: Spain,YES
3915,Lint,YES
3919,In Another Chateau,YES
3922,Gibbets,YES
3926,Miami Shark,YES
3930,Tank Destroyer,YES
3932,Tetris'd,YES
3934,Momentum Master,YES
3936,Kidnapped by Ghosts,YES
3938,Retro Rally,YES
3940,Picma,YES
3942,Jungle ATV,YES
3946,Maze Runner Missions,YES
3954,Jellyman,YES
3958,Cover Orange,YES
3962,War Machine,YES
3964,A Dralien Day,YES
3966,Absence,YES
3970,Halloween Tripeaks,YES
3974,Life Ark 4,YES
3978,Flood Fill,YES
3979,World Class Chef: France,YES
3980,Demolition City 2,YES
3981,Dress Up Rush,YES
3988,Ragdoll Pirates,YES
3990,Elona Shooter,YES
3992,Green Bomber,YES
3994,Diner City,YES
3997,Belle's Bistro,YES
4000,Zombie Exploder,YES
4001,Pool Party,YES
4002,Full Moon,YES
4004,Bike Champ,YES
4010,Sneaky Differences,YES
4014,Haystax,YES
4018,Hotel Management,YES
4019,World Class Chef: Germany,YES
4020,Construction Yard Bike,YES
4025,Stick Figure Badminton,YES
4027,Traffic Trouble,YES
4028,Jane's Realty,YES
4032,Alien SOS,YES
4040,Siege Master,YES
4048,Forever Samurai,YES
4052,Turkey Got Guts,YES
4058,Ballery,YES
4060,Death Penalty,YES
4061,Ionized,YES
4063,Dale and Peakot,YES
4065,Sky Machine,YES
4069,Droppy,YES
4073,Kamikaze Truck,YES
4076,Winter Bistro,YES
4077,Eenie Bounce,YES
4079,Dynamite Blast,YES
4080,My Sweet Dog,YES
4085,Balbodro,YES
4091,Chaos Chamber,YES
4094,Scribbland,YES
4102,Beach Bike,YES
4104,Isoball,YES
4106,Starlight,YES
4110,Ancient Jewels,YES
4115,Paper Cannon,YES
4119,Fly Hard,YES
4121,Blosics,YES
4123,Big Pixel Racing,YES
4127,Ice Breaker,YES
4131,Santa's List,YES
4138,Small Worlds,YES
4144,Penguin Massacre,YES
4146,Age of War,YES
4147,Happy Holidays,YES
4151,Belle's Bakery,YES
4152,Alter,YES
4154,Sled Shredding,YES
4169,Lady Gaga,YES
4172,Paradox Embrace,YES
4174,Speed Escape,YES
4180,Pictogrid,YES
4186,Poppable Cascade,YES
4190,Warfare 1917,YES
4196,Snow ATV,YES
4198,Running Blue,YES
4200,Crazy Canyon Golf,YES
4202,Tetrisnake,YES
4204,Snipedown,YES
4206,Bike Upgrade,YES
4222,Monster Truck Destroyer,YES
4226,Totem Destroyer,YES
4228,Short Circuit,YES
4232,4 Differences,YES
4236,Zoo Transport,YES
4239,One Button Bob,YES
4250,Stark Tower Defense,YES
4252,Cover Orange 2,YES
4254,Blosics 2,YES
4256,Straw Hat Samurai 2,YES
4259,Momma's Diner,YES
4260,Primary,YES
4266,Kidnapped by Robots,YES
4271,Mining Truck,YES
4273,Penguin Diner 2,YES
4276,Mountain ATV,YES
4283,Craqua,YES
4291,Metal Slug Brutal 3,YES
4295,Jolls,YES
4303,Demolition Drifters,YES
4304,Little Princess,YES
4305,Taberinos,YES
4310,Neon Rider,YES
4316,Speed Escape 2,YES
4330,Mushroom Madness 2,YES
4332,Nano Ninja,YES
4334,Yeti Bubbles,YES
4337,Belle's Boutique,YES
4338,Jurassic Drive,YES
4342,Worm Madness,YES
4348,Colorful,YES
4351,Bad Birds,YES
4355,Soccer World Cup 2010,YES
4359,Supersonic Speeders,YES
4361,Spring Bike,YES
4365,Sydney Shark,YES
4367,Twin Escape,YES
4384,One Ton Boom,YES
4391,Speed Escape 3,YES
4395,Gem Grab,YES
4397,Gibbets 2,YES
4401,Grandma's Kitchen 2,YES
4406,Bazooki,YES
4417,Feed Me,YES
4420,Desert Rider,YES
4422,Trial XIII,YES
4426,World Class Chef: Japan,YES
4429,Amuse Park,YES
4431,Rescue a Chicken,YES
4433,Age of War 2,YES
4439,Robot Wants Puppy,YES
4441,Truck Mania,YES
4444,Grandma's Kitchen 3,YES
4447,Escape Space,YES
4452,Farm Fun,YES
4454,South Africa 2010,YES
4457,World Class Chef: Mexico,YES
4460,Simple Soccer,YES
4461,Table Tennis,YES
4466,Raze,YES
4468,Grandma's Kitchen 4,YES
4469,Tower of Doom,YES
4482,Rotate and Roll,YES
4486,Max Damage 2,YES
4487,Best Burger,YES
4489,Blobble Wars,YES
4491,Redneck Olympics,YES
4497,Year 2012,YES
4501,Grandma's Kitchen 5,YES
4502,Crush the Castle 2,YES
4503,Biomess,YES
4505,Hoop and Pop,YES
4506,Bomberman,YES
4510,SpeedPlay World Soccer,YES
4513,Sunny Boom,YES
4515,Ragdoll Cannon 3,YES
4517,2099,YES
4519,Alien Roll,YES
4522,Run,YES
4523,Kingdom Bow,YES
4525,IQ Ball,YES
4526,Inferno,YES
4528,Freegear,YES
4533,Gun Express,YES
4535,Speed Escape 4,YES
4536,Slicerix,YES
4541,Gum Drop Hop,YES
4542,Kindergarten,YES
4547,Governor of Poker,YES
4548,Grandma's Kitchen 6,YES
4552,The Illusionist's Dream,YES
4555,Stunt Master,YES
4558,Epic Coaster,YES
4560,Baby Blimp,YES
4562,Bike Adventure,YES
4564,One Step Back,YES
4565,Ozee,YES
4573,The Expendables,YES
4576,Avalon Siege,YES
4582,Flabby Physics,YES
4584,Ray Quest,YES
4588,Truck Bonanza,YES
4596,Grandma's Kitchen 7,YES
4605,Bumble Tumble,YES
4607,Bike Champ 2,YES
4613,Wingmen,YES
4619,World Basketball Championship,YES
4621,Tower Bloxx,YES
4625,Izzi,YES
4627,Monster Trucks Attack,YES
4628,Life Ark 5,YES
4631,Steak and Jake,YES
4633,Sieger,YES
4638,Happy Bike,YES
4639,The Right Mix,YES
4640,Star Shot Carnival,YES
4649,Grandma's Kitchen 8,YES
4650,Monster Truck Maniac 3,YES
4661,Sports Heads: Tennis,YES
4662,Soup Shop,YES
4667,Red Menace,YES
4669,Gate Defense,YES
4673,Age of Defense,YES
4683,Steam Droid,YES
4688,Notebook Wars,YES
4700,Heavy Truck,YES
4704,Pirates vs Ninjas,YES
4708,Coaster Racer,YES
4714,Alien Thief,YES
4724,Truck or Treat,YES
4729,Mountain Rescue Driver 2,YES
4731,Castle Destroyer,YES
4736,Farm Business,YES
4737,Macaroni Salad,YES
4742,Autumn Bike Ride,YES
4746,Squidy,YES
4748,Laser Cannon,YES
4752,Castle Hero,YES
4754,Princess Escape,YES
4760,Grandma's Kitchen 9,YES
4761,Gravinaytor,YES
4765,Liquid Measure 2,YES
4767,Civibattle,YES
4783,Road Wolves,YES
4788,Cupcakes,YES
4789,Morphing,YES
4797,Neon Race,YES
4799,Ice Breakers,YES
4805,Giga Miner,YES
4807,Desert Moon,YES
4809,Air Maze,YES
4811,Highway Justice,YES
4827,Go Santa Go,YES
4837,Flight,YES
4841,Hardcore Bike,YES
4845,Chicken House,YES
4847,Let It Slide,YES
4860,Aztec Blocks,YES
4863,Crazy Mustang 2,YES
4865,Sticks,YES
4867,Hopper Beetle,YES
4877,Bubble Monster,YES
4882,Aquarium,YES
4889,Armor Mayhem,YES
4897,Tractor Mania,YES
4911,Subject 21,YES
4915,Rex Racer,YES
4923,Monster Truck Demolisher,YES
4927,Sundrops,YES
4934,Octopost,YES
4936,Ninja Dogs,YES
4940,Burrito Bison,YES
4952,Bird's Town,YES
4958,Notebook Wars 2,YES
4961,Wedding Cake,YES
4962,Orcs Attack,YES
4966,Mad Bombs,YES
4978,Night Racer,YES
4991,March Mania,YES
4995,Hexus,YES
5003,Huje Way,YES
5007,Epic Charlie,YES
5009,Formula Racer,YES
5011,Angry Sonic,YES
5015,Mystic Garden,YES
5019,Splitter Pals,YES
5027,Multitask 2,YES
5035,GT Racing,YES
5037,Best Farm,YES
5059,Sieger 2,YES
5063,Fish Crunch,YES
5073,Lost Cabin,YES
5086,Happy Dragon,YES
5087,Jungle Fun,YES
5089,Ragdoll Cannon 4,YES
5111,Grand Prix Go,YES
5113,Dillo,YES
5121,Icarus,YES
5131,Xonix,YES
5133,Alpha Drive,YES
5138,Golf Solitaire,YES
5148,Coaster Racer 2,YES
5154,Metal Power,YES
5158,Jumping Box,YES
5160,Zombotron,YES
5178,Rise of the Colony,YES
5180,ATV Destroyer,YES
5182,Defend Your Nuts,YES
5187,Baby Care,YES
5188,Goosplosion,YES
5192,Lost Trio,YES
5206,Red Ball 3,YES
5210,Edgestone,YES
5234,Rich Mine 2,YES
5238,Georganism,YES
5243,Business Fun,YES
5251,Truck Rush,YES
5255,Spooky Night Escape,YES
5259,Super Julio,YES
5265,Rocketville,YES
5271,Mushroom Madness 3,YES
5272,Lovely Wedding,YES
5289,Earn to Die,YES
5294,Pizza Shop,YES
5297,Tasty Planet,YES
5299,Night Robbers,YES
5303,Volcania,YES
5321,Christmas Desserts,YES
5328,Bounzy,YES
5330,Village Fun,YES
5332,Sheriff Tripeaks,YES
5334,All That Matters,YES
5348,Shatterbot,YES
5356,Offroaders,YES
5360,Fly Meow,YES
5365,Neon Race 2,YES
5369,New York Shark,YES
5374,Dark Angels,YES
5375,Building Demolisher,YES
5383,Must Escape The Island,YES
5385,Greedy Pirates,YES
5389,Capture the Castle,YES
5395,Glowrunner,YES
5399,New Star Soccer,YES
5401,Tank 2012,YES
5402,Black and White,YES
5413,Truck Race,YES
5416,Adrift,YES
5427,Iron Mountain,YES
5440,Detective Conrad,YES
5442,Unbelievable Sniper,YES
5444,Double Win,YES
5450,The First Fire,YES
5454,Under Construction,YES
5459,Sift Heads Assault 3,YES
5462,The Visit,YES
5464,Truck Wars,YES
5466,Mad Trucker 3,YES
5474,Unfreeze Me!,YES
5476,Sift Heads Assault,YES
5477,Sift Heads Assault 2,YES
5480,Iron Ladies,YES
5485,Maximum Frustration,YES
5488,Flawed Dimension,YES
5490,Slime Quest,YES
5491,Raccoon Jump,YES
5494,Speed Solitaire,YES
5499,V8 Muscle Cars,YES
5504,Babylympus,YES
5505,DuoTasking,YES
5515,Good Daddy,YES
5517,Incursion,YES
5519,3D Classic Racing,YES
5523,Wish Totems,YES
5536,Survive 2012,YES
5541,Bad Piggies,YES
5544,Monsterland 2: Junior Revenge,YES
5546,Defend Your Nuts 2,YES
5549,Shuffle,YES
5551,Made in Mafia,YES
5553,One Click Ninja,YES
5563,Cat Around Europe,YES
5571,Fae,YES
5573,Battle for Darkness,YES
5592,Pink Party,YES
5600,Underworld Appoint,YES
5602,Zombie Hero,YES
5603,Renegade Racing,YES
5606,Speedboat Shooting,YES
5615,Crazy Digger,YES
5631,FutuLady,YES
5639,Cat God vs Sun King 2,YES
5644,Escape Snowy Mountain,YES
5648,Football Kicks,YES
5650,Gear of Defense,YES
5654,Mouse House,YES
5656,A Rabbit Fable,YES
5660,Run Run Ran,YES
5661,Warrior Princess,YES
5662,Mad Burger,YES
5678,Slice the Box,YES
5682,Another Small Favor,YES
5684,Gear of Defense 2,YES
5687,3 Pandas,YES
5688,Carrot Defense,YES
5692,Siege Knight,YES
5696,Jim Loves Mary,YES
5700,Saint Devil,YES
5704,King's Game,YES
5706,Billiard Blitz Hustle,YES
5716,Mystery IQ Test,YES
5720,Liquid Measure 3,YES
5722,Tiny F1,YES
5724,Doctor Acorn,YES
5726,Spurt,YES
5730,Beat Chaser,YES
5732,King's Game 2,YES
5738,Caribbean Admiral,YES
5740,Feed Me Moar,YES
5749,Zombie Flood,YES
5753,Snail Bob: Space,YES
5755,Disaster Will Strike,YES
5759,Reel Gold,YES
5763,Beat Chaser 2,YES
5771,Infiltrating the Airship,YES
5773,Seeds,YES
5775,Run Raptor Rider,YES
5776,Great Mate Master,YES
5780,Sports Heads: Football,YES
5784,Disaster Will Strike 2,YES
5788,Habla Kadabla,YES
5790,Mini Commando,YES
5793,My Horse Farm,YES
5794,Edge of Evil,YES
5800,Monty's Moon,YES
5806,Bois D'Arc,YES
5808,Flip and Go,YES
5810,Monster Bastion,YES
5812,Bob the Robber,YES
5813,Cleaning Time! Dinner Party,YES
5818,Ultimate Mega Hoops,YES
5822,Karting Super Go,YES
5826,Plunder Mars,YES
5832,Dead Paradise,YES
5836,Grand Banda,YES
5838,Daymare Cat,YES
5840,Reverse Boots,YES
5844,Creepo's Tales,YES
5859,Cannon Basketball,YES
5861,Bob the Robber 2,YES
5863,The Gentleman,YES
5865,Rektagon,YES
5873,Wudywurm,YES
5875,Cat Around Asia,YES
5877,Heat Rush USA,YES
5879,Sports Heads: Basketball,YES
5883,Dead Paradise 2,YES
5885,Bug Rampage,YES
5887,Comic Book Cody,YES
5893,Escaping the Prison,YES
5897,2013 Shelter,YES
5900,Ice Cream Maker,YES
5909,Pretentious Game,YES
5921,Kingdom of Liars 2,YES
5924,Magicians,YES
5930,Cheese Barn,YES
5934,Plumber Pickle,YES
5938,Time Travelling,YES
5942,Beach Crazy,YES
5948,Red Extinction,YES
5950,Mermaid City,YES
5954,Rolling Ghosts,YES
5964,Live Puzzle,YES
5968,Pretentious Game 2,YES
5972,Zombotron 2,YES
5974,Little Wheel,YES
5978,Samsara Room,YES
5980,Death Penalty World Cup,YES
5982,Ninja Land,YES
5984,Knightmare Tower,YES
5986,Wigman Big Run,YES
5988,Vampire Physics,YES
5992,Awesome Pirates,YES
5996,Humanoid 47,YES
5998,Pretentious Game 3,YES
6001,The Keeper of 4 Elements,YES
6003,King Rolla,YES
6005,Back in Time,YES
6007,Sweetland,YES
6009,Be Ready,YES
6014,Knight Runner,YES
6018,Live Puzzle 2,YES
6022,Zombo Buster,YES
6026,Happy Dead Friends,YES
6028,Paladog,YES
6030,Rodent Wars,YES
6032,Brave Knights,YES
6034,Simpson Hoops,YES
6036,Island Ha-Bu-Bu,YES
6038,Rocket Squirrel,YES
6040,Top Striker,YES
6042,Zombie Fight Club,YES
6046,Gentle Gravity,YES
6050,How Smart Are You?,YES
6056,Zombie Trapper,YES
6058,Brainy's Haunted House,YES
6060,Space is Key Hell,YES
6068,Frustra Bit,YES
6076,Zombie Demolisher,YES
6078,Jack the Zombie,YES
6082,Diggy,YES
6084,Kingdom of Liars 3,YES
6088,Age of Wonder,YES
6092,Sports Heads: Ice Hockey,YES
6094,Catchy Orbit,YES
6096,Jim Loves Mary 2,YES
6098,Easy Joe,YES
6100,Dark Submarine Escape,YES
6106,Mummy Mojo,YES
6108,Drawfender,YES
6109,Stylish Casual Fashion,YES
6112,Happy Hero,YES
6118,Teddy Bear Picnic Massacre,YES
6120,Madville,YES
6122,Baba Yaga,YES
6126,Chu Rescue,YES
6130,Easy Joe 2,YES
6132,Quad Trials,YES
6136,Papa's Pastaria,YES
6138,Pajama Boy: Snow Adventure,YES
6150,A Bonte Christmas,YES
6152,Hero in the Ocean,YES
6156,Cody's Nightmare Vacation,YES
6158,Guard of the Kingdom,YES
6164,Atomic Sea,YES
6172,Graffiti Time,YES
6176,Club Nitro,YES
6178,Mutant Fighting Cup,YES
6180,I Quit! Must Dash!,YES
6190,Deadtonatorz,YES
6210,Clockwork Cat,YES
6212,Burger Bar,YES
6213,Candy Ride,YES
6219,Wake the Royalty,YES
6223,Army Sharpshooter,YES
6224,Summer Fashion,YES
6225,Water Mania,YES
6227,Zombinsanity,YES
6236,Dead Vault,YES
6238,Factory Rush,YES
6247,Dragocubes Valley,YES
6251,Shopping City,YES
6257,Kidnapped by Pirates,YES
6259,Garden TD,YES
6264,Building Rush,YES
6273,Back in Time 2,YES
6275,House of Wolves,YES
6277,Fractured,YES
6283,Fist Puncher: Streets of Outrage,YES
6289,Fractured 2,YES
6294,Kingdom Rush,YES
6296,Save the Dummy,YES
6299,Papa's Hot Doggeria,YES
6301,Wooden Path 2,YES
6303,Copy Shot,YES
6304,Grilled Barbecue,YES
6307,Kingdom Rush Frontiers,YES
6311,Papa's Pancakeria,YES
6314,Mother and Daughter Dress Up,YES
6315,3 Pandas in Brazil,YES
6317,Dino Shift,YES
6323,Papa's Wingeria,YES
6328,Papa's Freezeria,YES
6330,Dino Shift 2,YES
6331,Physicar,YES
6336,Dead Zed,YES
6337,Rescuenator,YES
6343,Dead Zed 2,YES
6344,Parking Super Skills,YES
6348,Earth Taken,YES
6351,Paintball Racers,YES
6352,Solandia Uprising,YES
6354,2048 Flash,YES
6357,Earth Taken 2,YES
6363,Vehicles Level Pack,YES
6365,Black Bit Ninja,YES
6372,Jumping Long,YES
6375,Legendary Escape,YES
6380,Super Sneak,YES
6385,A Ghostly Journey,YES
6393,Super Marshmallow Kingdom,YES
6399,Planet Adventure,YES
6403,Velocity Wings,YES
6406,Aliens Hurry Home,YES
6412,Mad Burger 2,YES
6415,Night Lights,YES
6418,Super Mom,YES
6419,Super Shogun Ninja,YES
6423,Night Lights: After Dark,YES
6425,That's My Moon,YES
6427,Ziva,YES
6429,Error Zone,YES
6433,Wheelie King,YES
6434,Run Red Run,YES
6436,Goat Guardian,YES
6448,Job Hunt,YES
6449,Multishop Tycoon,YES
6450,Blockoomz 2,YES
6456,Slime Hook,YES
6457,Red Warrior,YES
6460,Another Planet,YES
6461,Shop Empire Rampage,YES
6463,Steam King,YES
6469,6 Differences,YES
6474,Hanoka,YES
6476,Color Joy,YES
6483,Treehouse Hero,YES
6485,Time Swap,YES
6487,Dream Car Racing,YES
6489,Paint Land,YES
6492,Disaster Will Strike 3,YES
6495,Punchifier,YES
6498,Dungeon Blocks,YES
6501,Golden Duel,YES
6505,Doodle God,YES
6507,Last Line of Defense: Second Wave,YES
6509,The Adventure of Two,YES
6512,The Valley Rule,YES
6515,Bigotilyo,YES
6525,Demonic Flower,YES
6532,Retro Unicorn Attack,YES
6534,Gun Zombie Gun,YES
6541,Goalkeeper Italian,YES
6544,Freegear Z,YES
6548,Dangerous Adventure,YES
6554,Gate,YES
6565,Cargo Shipment: San Francisco,YES
6567,Paper Chains,YES
6571,Phobi Jones,YES
6579,Lexicopolis: A-B-City,YES
6593,Money Movers,YES
6595,I Saw Her Across The World,YES
6599,Endless Night,YES
6601,Spy Bear,YES
6603,Bonfire,YES
6610,Deluxe Wedding Dress,YES
6614,Renegades,YES
6615,Glitch Lab,YES
6618,Royal Warfare,YES
6621,Magical Glory,YES
6623,Neverending Chevalier,YES
6627,Motorun,YES
6633,Bullet the Bounty Hunter,YES
6644,Idle Web Tycoon,YES
6649,Van Helsing vs Skeletons,YES
6654,Remodel Racing,YES
6655,Quebrix,YES
6661,Waitress Adventures,YES
6674,Farm Rush,YES
6677,Grabacat,YES
6679,Flying Chops,YES
6681,Little Ninja,YES
6683,Joy Stacker,YES
6693,Above Average Guy,YES
6697,Disposabot,YES
6703,Dino Assault,YES
6710,A Knight to Remember,YES
6712,Eco Battler,YES
6724,The Last Dinosaurs,YES
6728,Stolen Sword,YES
6732,Pathologic,YES
6738,Pixel Grower,YES
6740,Captain Nutty,YES
6742,Blitzer,YES
6744,King's Rider,YES
6746,Sacrifire,YES
6749,Tricky Rick,YES
6751,Tinysasters,YES
6753,Fishy Waters,YES
6757,Frogout,YES
6761,Viking Valor,YES
6763,The Three Towers,YES
6765,Tricky Rick 2,YES
6769,Tinysasters 2,YES
6773,Crimson Eve,YES
6775,Dash Dash,YES
6778,Mr. Splibox,YES
6780,El Papel,YES
6784,Quantum Zombies,YES
6785,King's Rush,YES
6787,A Duck Has An Adventure,YES
6789,Good Daddy 2,YES
6791,Fly Qumi,YES
6793,Tiny Dangerous Dungeons,YES
6800,Tiny King,YES
6802,Overcome,YES
6811,The Last Ninja from Another Planet 2,YES
6818,Eien,YES
6822,Climbo,YES
6826,Shape Shifter,YES
6829,Royal Wedding,YES
6830,Babylon,YES
6844,Goat Mechanic,YES
6847,Fishtopia Tycoon,YES
6848,Onomastica,YES
6850,Awesome Run,YES
6854,Slime Slayer,YES
6856,Uber Commando,YES
6858,Onomastica 2,YES
6861,Revenge Dojo,YES
6863,Happy Mart,YES
6868,Robo Racing,YES
6869,Zombie Incursion,YES
6871,Boxing Live,YES
6877,Zombie Tactics,YES
6885,Black Bit Ninja 2,YES
6893,Urban Unrest,YES
6895,Tinyverse,YES
6897,Burning Scarecrow,YES
6901,Shoulder Dresses,YES
6903,Zombo Buster Rising,YES
6905,Age Manipulation,YES
6913,Dream Exit,YES
6921,Rampage Rex,YES
6935,Idle Mining Co.,YES
6937,A Stroll in Space,YES
6938,Go Go Goblin 2,YES
6939,Pool Party,YES
6944,Adam and Eve,YES
6945,Easy Joe 3,YES
6947,Clover Flower,YES
6948,Mad Monday,YES
6949,Slimey's Quest,YES
6955,Bury My Bones,YES
6957,Cookie Needs Jam 2,YES
6965,Save the Pig,YES
6971,Slash Zombies Rampage,YES
6975,Kitty Kibbles 2,YES
6978,Rainbow Blitz,YES
6981,Zoi the Escape,YES
6982,Sweet Valentine,YES
6983,Loved Monsters,YES
6987,Adam and Eve 2,YES
6994,Disney Princess Gowns,YES
6998,Fancy Snowboarding,YES
7000,Green Saboteur,YES
7003,Shop Empire 2,YES
7005,Rats Invasion 2,YES
7007,Strike Force Commando,YES
7018,Hired Heroes Offense,YES
7028,Adam and Eve 3,YES
7040,Orbit Breaker,YES
7044,Shop Empire 3,YES
7050,Pointer,YES
7052,Factory Kingdom,YES
7062,Pan Man,YES
7066,Doodle Brigade,YES
7070,The World's Hardest Game,YES
7078,Dead Rider,YES
7092,Mourn,YES
7096,Chain Reaction Shooter,YES
7106,Gun Mayhem,YES
7108,Super Space Disc,YES
7112,Asgard Story,YES
7114,Money Movers 2,YES
7118,Get Rid of the Weeds,YES
7120,Juicy Bazooka,YES
7126,Ninja Defense,YES
7130,Frozen Islands,YES
7142,Switch Bot,YES
7147,Princess Cinderella,YES
7148,Big Dig: Treasure Clickers,YES
7158,Back to Zombieland,YES
7162,ICanFly,YES
7168,Drillionaire,YES
7176,Royal Squad,YES
7178,Continuity,YES
7188,Cooking Witch,YES
7190,Furtive Dao,YES
7192,Exploding Penguins,YES
7194,Smash Car Clicker,YES
7196,Shape Shifter 2,YES
7198,Tropical Ice Tycoon,YES
7202,Theropods,YES
7208,Try Harder,YES
7210,Gun Mayhem Redux,YES
7219,Cattle Tycoon,YES
7221,4x4 Soccer,YES
7223,Battle Force,YES
7228,Mermaid Gown,YES
7231,Kitten Raiders,YES
7257,"Remove the Dragon, Wizard!",YES
7261,Monster Frontier,YES
7274,Kick Out Kim,YES
7279,Call of Spring,YES
7281,Boss Rush Apocalypse,YES
7287,Ribbitation,YES
7289,Cube Escape: Arles,YES
7295,Coldgrip,YES
7301,Speedway Challenge,YES
7305,The Big Escape,YES
7311,Papa's Cheeseria,YES
7315,Timmy,YES
7317,Wizard's Run,YES
7329,Space Flash Arena,YES
7337,Cube Escape: Harvey's Box,YES
7339,Wacky Strike,YES
7340,Newton's Law,YES
7347,The Platform,YES
7351,Nightflies 2,YES
7355,Super Moon,YES
7359,Sieger: Rebuilt to Destroy,YES
7363,Space Flash Arena 2,YES
7367,Micrics,YES
7374,Harmony Keeper,YES
7392,Bubble Boy in Dreamland,YES
7394,Cube Escape: Case 23,YES
7400,Ayo the Hero,YES
7408,Drift Raiders,YES
7414,Dead Hell,YES
7416,Candy Ride 2,YES
7418,Royal Guard,YES
7428,Avoid,YES
7432,Insert Coin,YES
7438,Go Robots,YES
7444,Slice the Box Level Pack,YES
7450,Rigby Saw Game,YES
7452,Go Robots 2,YES
7456,Specter Knight,YES
7458,Oni Yu Can Scare Them,YES
7468,Burn Everything,YES
7473,3 Little Heroes,YES
7476,Cube Escape: The Mill,YES
7478,Hivex,YES
7480,Elite Squad,YES
7486,Minecaves,YES
7488,Serious Dave,YES
7494,Mummy Madness,YES
7498,The Last Samurai,YES
7510,Casus,YES
7512,Brave Shorties,YES
7514,Chavo and the Giant Sandwich,YES
7516,Through,YES
7518,Blocky's Escape,YES
7524,Thumb Fighter,YES
7525,Chocolate Cake,YES
7528,Balloon Hero,YES
7532,Catch the Crowns,YES
7534,Chipset-0,YES
7538,Fancy Wizard,YES
7540,Bloodungeon,YES
7544,Canyon Defense,YES
7550,Feudalism,YES
7562,Stacko,YES
7565,Highwayman,YES
7574,Gods of Arena,YES
7575,Papa's Cupcakeria,YES
7577,Harvest Story,YES
7579,Armored Warfare 1917,YES
7581,Rescue Brigade,YES
7583,Impossible Horse,YES
7593,Fleeing the Complex,YES
7607,Zombie Dozen,YES
7614,Absorbed,YES
7616,Diseviled,YES
7628,LAB,YES
7635,Invasion of the Space Invaders from Outer Space,YES
7639,Bomb the Pirate Pigs,YES
7641,Boat Drive,YES
7647,Resort Empire,YES
7653,Shopping Girl,YES
7656,Rancho Ranch,YES
7667,Baron's Door,YES
7669,Wrath of Zombies,YES
7675,Easy Joe 4,YES
7677,Earth Taken 3,YES
7678,3 Pandas in Fantasy,YES
7679,Puppy's Kennel,YES
7687,Teleport Gun,YES
7693,Fillz,YES
7697,Beauty Hair Clinic,YES
7703,Block Bot,YES
7714,Sheriff Chase,YES
7726,Sheriff Lombardooo,YES
7728,Celebrity Hunt,YES
7729,England Soccer League,YES
7731,Amazing Sheriff,YES
7733,Basket and Ball,YES
7736,Puppy Stew,YES
7743,The Impossible Game Lite,YES
7744,The Magician,YES
7746,My Angel,YES
7756,Pig Detective,YES
7760,Animal Office,YES
7762,Royal Warfare 2,YES
7764,Blacksmith Lab,YES
7766,The Splitting: Chapter 1,YES
7768,Mayan God,YES
7770,Smilodon Rampage,YES
7772,Building Demolisher 2,YES
7776,Round World,YES
7778,Deep Underground,YES
7781,Cube Escape: Birthday,YES
7786,Super Squad,YES
7788,Lost,YES
7794,Ultimate Tower,YES
7804,Eggy's Death Chamber,YES
7809,Attack of the Johnnies,YES
7817,Supaplex,YES
7823,Phantom Imperial,YES
7837,Bouncy Cannon,YES
7845,The Mother of the Bird Men,YES
7854,Rody Fight,YES
7858,Papa's Bakeria,YES
7861,Parking Fury,YES
7886,Super Ninja Block,YES
7888,Tower of Destiny,YES
7890,Apple Shooter,YES
7898,Block Master,YES
7905,Another Pretentious Game,YES
7909,A Simple Day,YES
7911,Cube Escape: Theatre,YES
7913,Bullet Hell Adventure,YES
7916,Bed and Breakfast,YES
7923,The Earl Octopusor,YES
7926,Tea Party,YES
7930,The Great Biohazard Escape,YES
7934,Railway Panic,YES
7939,Coins,YES
7941,Purbalds,YES
7943,Aircraft Race,YES
7944,Alice's Tea Party,YES
7945,Minedig: Journey to Hollow Earth,YES
7950,Aliens Hurry Home 2,YES
7951,Vending Machine Champ,YES
7953,Castle Rush,YES
7956,Bed and Breakfast 2,YES
7958,Strategic Tic-Tac-Toe,YES
7960,Escape the Mansion,YES
7964,Button Betting,YES
7967,Deterministic Dungeon,YES
7970,Bed and Breakfast 3,YES
7972,Island Defense,YES
7973,Mermaid Wedding,YES
7974,Superdozer,YES
7976,Pest Hunter,YES
7989,Zombie Hunter,YES
7998,Escape Crazy Castle,YES
8003,Tower Tough,YES
8006,Locked Airport,YES
8007,Penguineering,YES
8011,Lemonade World,YES
8017,Escape Creepy Island,YES
8018,Flower Store Girl,YES
8022,Judy Hopps Summer Style,YES
8023,Lonely Escape: Manor,YES
8025,Color Move,YES
8031,Locked Bedroom,YES
8057,Jessica's School,YES
8060,Vampire Jackie,YES
8061,Laundry Manager,YES
8062,Gym Class Racers,YES
8063,Alex in Danger,YES
8072,Dawn of the Celebs,YES
8073,Chinese Fashion,YES
8076,Whack the Terrorist,YES
8085,Apocalyptic Tower,YES
8095,Blue Cage,YES
8101,Island Trip,YES
8103,Toy War Robot Stegosaurus,YES
8105,Jessica's House,YES
8119,Aztec's Totems,YES
8128,Dolly House Escape,YES
8135,Westerado,YES
8138,Whack Your Neighbour,YES
8142,Max Savior,YES
8147,Shadow Adventure,YES
8157,Harley Quinn Dress Up,YES
8162,Freak Show,YES
8168,Haunted Halloween Escape,YES
8170,2D World,YES
8174,Astrocreep,YES
8176,Robo Racing 2,YES
8178,Bullet Fury,YES
8182,Steam Heart,YES
8184,Spectrum Heist,YES
8188,Table Tennis Challenge,YES
8192,Stupidity Test,YES
8198,Mission Escape: Hotel,YES
8200,Action Bros,YES
8202,Jigsaw Happy Hour,YES
8206,Colossal Cave,YES
8208,Super Trucks 3D,YES
8212,Banana Bonanza,YES
8217,Death Row Diner,YES
8219,Tiny Diggers,YES
8244,Circus Free,YES
8254,Vintage Game Shop,YES
8261,The Castle Dungeon,YES
8263,Exit Path,YES
8265,Graveyard Maniacs,YES
8270,Rainy Evening Escape,YES
8276,Exit Path 2,YES
8278,Steak and Jake: Midnight March,YES
8280,Emily and the Magic Maze,YES
8282,Pest Hunter 2,YES
8290,Basketball Fury,YES
8296,Stacko Level Pack,YES
8304,Excitebike,YES
8329,Sausage Factory,YES
8332,Return to Earth,YES
8336,Loachie,YES
8341,House,YES
8351,Haunted Island Escape,YES
8370,Marko Sharko: Stolen Statue,YES
8377,Lee Lee's Quest,YES
8381,Papa's Sushiria,YES
8386,Paper Venture,YES
8388,Hungry Insects,YES
8390,Contact,YES
8395,Nyan Force,YES
8398,Free Ice Cream,YES
8400,Hug Me I'm Cold,YES
8414,Amateur Surgeon,YES
8416,Dream Eater,YES
8420,Paper Venture 2,YES
8434,Anaksha: Female Assassin,YES
8438,Hogwarts Student Maker,YES
8444,Breaking the Bank,YES
8451,Penguinator 3000,YES
8452,Winter Date,YES
8454,Squareman,YES
8455,Portal: The Flash Version,YES
8457,Squareman 2,YES
8482,Uni Squad,YES
8484,Feed The Dude,YES
8500,Spider in the Rain,YES
8504,Home Story: 1971,YES
8512,Bubble Panda,YES
8514,Extinct,YES
8541,Tarnation,YES
8549,Romeo Wherefore Art Thou?,YES
8552,Adaran,YES
8556,Leap Jet Bear,YES
8570,Fracture,YES
8572,Bus Stop,YES
8573,Neon Rabbits,YES
8575,Rocket Jump,YES
8591,Babysitting Fun,YES
8617,A Koopa's Revenge 2,YES
8624,Exorcist,YES
8626,Baron Liar: Cannonball Ride,YES
8628,Push It,YES
8637,Escape the Meeting,YES
8639,Tourist Trap,YES
8641,Catch the Ball,YES
8645,Dunkers,YES
8649,Epic Cluck,YES
8660,Assault Zone,YES
8662,Buried Alive,YES
8665,Mega Fantasy Avatar Creator,YES
8669,Hero Agency,YES
8672,Cloud to Ground Guardian,YES
8674,Five Fights at Freddy's,YES
8685,I Broke the Time,YES
8689,About Face,YES
8710,Naughty Classroom,YES
8719,One Million Skeletons,YES
8723,Raider: Episode 1,YES
8729,Anime Couple Picture Creator,YES
8735,Raider: Episode 2,YES
8755,Focus,YES
8768,Historical Witch Creator,YES
8769,Casual Style,YES
8770,Castle of Pixel Skulls,YES
8776,Reach the Core,YES
8777,The Return,YES
8779,Growing Ties,YES
8783,Big Discount Shopping,YES
8785,Wasteland Siege,YES
8793,Alpha Station 7: The Infection,YES
8796,Divine Intervention,YES
8798,The Battle,YES
8806,Wireframe Skeleton,YES
8819,String Theory,YES
8823,The Treasure Tomb,YES
8828,Emo Style,YES
8830,Monster Clearer,YES
8832,Cube Escape: The Cave,YES
8846,Songbird Symphony,YES
8851,Cursed Winds,YES
8856,We Become What We Behold,YES
8875,Armored Kitten,YES
8881,21 Rooms,YES
8883,Code Red,YES
8886,Flower Princess,YES
8906,Whack Your Computer,YES
8908,3 Pandas in Japan,YES
8910,Four Second Fury,YES
8914,Rumble in the Soup,YES
8916,Tobe's Great Escape,YES
8925,Ninja Glove,YES
8943,Battle Tank,YES
8955,Bomb It,YES
8975,Hockey Shootout,YES
8977,The Last Survivors,YES
8982,Gravity Soccer,YES
9010,Color Labyrinth,YES
9012,A Maze Race 2,YES
9016,Amoeba's Life,YES
9020,Lavanoid,YES
9031,Boat Rush,YES
9060,Lights Out,YES
9061,Sniper vs Zombies,YES
9075,Snail Bob,YES
9140,The Maze,YES
9165,Soldier Rush,YES
9168,Dino Jump,YES
9255,Parking Fury 3,YES
9256,Blocks Puzzle,YES
9269,Air Fight,YES
